name;source;gender;wikidata;type
A 1;wikidata;;Q2121848;
A 2;wikidata;;Q2121848;
A 3;wikidata;;Q2121848;
A 4;wikidata;;Q2121848;
A 5;wikidata;;Q2121848;
Abendröte;wikidata;;Q1141780;
Acherner Straße;wikidata;;Q373824;
Achkarrereg;wikidata;;Q319670;
Achtundvierziger Platz;wikidata;;Q3588;
Ackerstraße;wikidata;;Q188869;
Adelsheimer Straße;wikidata;;Q355435;
Adlerstraße;;;;
Ahornallee;wikidata;;Q42292;
Ahornhof;wikidata;;Q42292;
Ahornweg;wikidata;;Q42292;
Akademiestraße;wikidata;;Q16006205;
Akazienstraße;wikidata;;Q5861969;
Allensteinereg;wikidata;;Q82765;
Almenplatz;;;;
Almenstraße;;;;
Alphornstraße;;;;
Alpirsbachereg;wikidata;;Q82781;
Alpseeweg;wikidata;;Q546344;
Alsenweg;wikidata;;Q165383;
Altdammer Straße;wikidata;;Q878458;
Alte Frankfurter Straße;wikidata;;Q1794;
Alte Mannheimer Poststraße;wikidata;;Q2119;
Alte Seilerei;;;;
Alteeinheimer Straße;wikidata;;Q7050;
Altenburgereg;wikidata;;Q15976;
Alter Frankfurtereg;wikidata;;Q1794;
Alter Friedhofweg;;;;
Alter Mannheimereg;wikidata;;Q2119;
Alter Meßplatz;;;;
Alter Postweg;;;;
Alter Rangierbahnhof;;;;
Altheimer Straße;wikidata;;Q440724;
Altkircher Straße;wikidata;;Q208119;
Altmühlstraße;wikidata;;Q317060;
Altrheinstraße;;;;
Altriper Straße;wikidata;;Q22461;
Amubuckel;;;;
Am Bogen;wikidata;;Q18335820;
Am Breiten Stein;;;;
Am Brunnengarten;;;;
Amünenrand;;;;
Amurchlaß;;;;
Amxerzierplatz;;;;
Am Friedensplatz;;;;
Am Friedhof;;;;
Ameheugraben;;;;
Amrünen Hag;;;;
Am Hain;wikidata;;Q1510380;
Am Herrschaftswald;;;;
Am Jüdischen Friedhof;wikidata;;Q1716367;
Am Kiefernbühl;;;;
Am Klumbengarten;;;;
Am Kuhbuckel;;;;
Am Markt;;;;
Am Meßplatz;;;;
Am Oberenuisenpark;;;;
Am Rebstock;wikidata;;Q2135068;
Am Rheinauer See;;;;
Am Römerbrunnen;;;;
Am Salzkai;wikidata;;Q104602114;
Am Sandhang;;;;
Am Schäferstock;;;;
Am Schelmenbuckel;;;;
Am Schulgarten;;;;
Am Schwalbennest;;;;
Am Sonnengarten;;;;
Am Sonnigen Hang;;;;
Am Steingarten;;;;
Am Stich;;;;
Am Stock;;;;
Am Ullrichsberg;;;;
Am Unkenteich;wikidata;;Q1515577;
Am Victoria Turm;;;;
Amaldrand;;;;
Amallstadter Bahnhof;wikidata;;Q19963296;
Ameidenbergel;;;;
Ameingarten;wikidata;;Q282;
Amildpark;;;;
Amerikanerstraße;wikidata;;Q446542;
Ammerseestraße;wikidata;;Q265336;
Amorbacher Straße;wikidata;;Q474051;
Amselstraße;wikidata;;Q25234;
Amselstraße;wikidata;;Q25234;
Anen Kasernen;;;;
Anerrena;wikidata;;Q125432;
Aner Kammerschleuse;wikidata;;Q52153386;
Aner Radrennbahn;wikidata;;Q72943011;
Anemonenweg;wikidata;;Q158286;
Angelstraße;wikidata;;Q1194492;
Anklamereg;wikidata;;Q488513;
Antwerpener Straße;wikidata;;Q12892;
Apenradereg;wikidata;;Q154897;
Apfelblüte;wikidata;;Q18674606;
Apoldaereg;wikidata;;Q490689;
Archivplatz;wikidata;;Q17592548;
Armbrustweg;wikidata;;Q181947;
Ascherslebenereg;wikidata;;Q486991;
Assenheimer Straße;wikidata;;Q25158438;
Aßmannshäuser Straße;wikidata;;Q317535;
Asterstraße;wikidata;;Q517130;
Atterseestraße;wikidata;;Q698516;
Atzelbuckelstraße;wikidata;;Q25307;
Atzelhofstraße;;;;
Auerhahnstraße;wikidata;;Q129059;
Aufem Kegel;;;;
Aufem Sand;;;;
Aufen Brockenweg;wikidata;;Q155721;
Aufen Ried;;;;
Aufer Blumenau;;;;
Aufer Vogelstang;;;;
Aufeldstraße;;;;
Aufeldweg I;;;;
Aufeldweg II;;;;
Aufeldweg III;;;;
Aufeldweg IV;;;;
Aufeldweg V;;;;
Aufstieg;;;;
Augartenplatz;;;;
Augartenstraße;;;;
Auggener Straße;wikidata;;Q268734;
Ausgasse;;;;
Außeneck;;;;
Äußere Bogenstraße;;;;
Äußere Querstraße;;;;
Äußereingertstraße;;;;
B 1;wikidata;;Q2121848;
B 2;wikidata;;Q2121848;
B 3;wikidata;;Q2121848;
B 4;wikidata;;Q2121848;
B 5;wikidata;;Q2121848;
B 6;wikidata;;Q2121848;
B 7;wikidata;;Q2121848;
Bäckerweg;;;;
Bad Kreuznacher Straße;wikidata;;Q7047;
Badener Platz;wikidata;;Q822734;
Badener Straße;wikidata;;Q822734;
Badenweilerstraße;wikidata;;Q25430;
Bahamastraße;wikidata;;Q778;
Bahlinger Straße;wikidata;;Q518801;
Bahnhofstraße;;;;
Baiersbronnerinkel;wikidata;;Q81241;
Ballonstraße;wikidata;;Q314302;
Banater Straße;wikidata;;Q170143;
Bärlochweg;;;;
Baumgang;;;;
Baumhaselweg;wikidata;;Q148939;
Baumstraße;;;;
Bautzenereg;wikidata;;Q14835;
Beim Bauerspfad;;;;
Beimlockacker;;;;
Beim Hochwald;;;;
Beim Johannkirchhof;;;;
Beim Teufelsberg;;;;
Belchenstraße;wikidata;;Q515385;
Belfortgäßchen;wikidata;;Q171545;
Belfortstraße;wikidata;;Q171545;
Bellenstraße;wikidata;;Q25356;
Bellingereg;wikidata;;Q61630;
Bensheimer Straße;wikidata;;Q14872;
Berliner Straße;wikidata;;Q64;
Bernauereg;wikidata;;Q537241;
Bernburgereg;wikidata;;Q14938;
Bibliser Straße;wikidata;;Q375875;
Bickensohlereg;wikidata;;Q649700;
Binnenhafenstraße;;;;
Binsenweg;wikidata;;Q158480;
Birkenallee;wikidata;;Q25243;
Birkenauer Straße;wikidata;;Q512538;
Birkenschneise;wikidata;;Q25243;
Birnbaumstraße;wikidata;;Q434;
Bischoffingereg;wikidata;;Q13142499;
Bischweilerring;wikidata;;Q22431;
Bitterfeldereg;wikidata;;Q836932;
Blankenburgereg;wikidata;;Q525960;
Blumenauer Bruch;;;;
Blumenauereg;;;;
Blumenstraße;;;;
Blütenweg;;;;
Bochumer Straße;wikidata;;Q2103;
Boehringerstraße;wikidata;;Q890155;
Bonadiesstraße;;;;
Bonndorfer Straße;wikidata;;Q178703;
Bösfeldeg I;;;;
Bösfeldeg II;;;;
Bösfeldeg III;;;;
Bösfeldeg IV;;;;
Bösfeldeg V;;;;
Bötzingereg;wikidata;;Q518889;
Boveristraße;wikidata;;Q664420;
Boxberger Straße;wikidata;;Q61851;
Boxheimer-Straße;;;;
Brandenburger Straße;wikidata;;Q1208;
Branntweinweg;;;;
Braunschweigerllee;wikidata;;Q2773;
Braustraße;wikidata;;Q869095;
Breisacher Straße;wikidata;;Q489911;
Breiteeg;;;;
Brettener Straße;wikidata;;Q495428;
Brockenweg;wikidata;;Q155721;
Brombeerweg;wikidata;;Q13180;
Bromberger Baumgang;wikidata;;Q41252;
Bruchsaler Straße;wikidata;;Q7059;
Brückenstraße;wikidata;;Q1539728;
Brückeswasen;;;;
Brühler Ring;wikidata;;Q22962;
Brunnenpfad;;;;
Brunnenstraße;;;;
Brunnenweg;;;;
Buchener Straße;wikidata;;Q179252;
Buckelallee;;;;
Bühler Straße;wikidata;;Q505534;
Burgstraße;;;;
Bürstadter Straße;wikidata;;Q524974;
Bussardstraße;wikidata;;Q235152;
C 1;wikidata;;Q2121848;
C 2;wikidata;;Q2121848;
C 3;wikidata;;Q2121848;
C 4;wikidata;;Q2121848;
C 5;wikidata;;Q2121848;
C 6;wikidata;;Q2121848;
C 7;wikidata;;Q2121848;
C 8;wikidata;;Q2121848;
Casterfeldeg 1;;;;
Casterfeldeg 2;;;;
Casterfeldeg 3;;;;
Casterfeldstraße;;;;
Celluloidstraße;;;;
Chemnitzer Straße;wikidata;;Q2795;
Chiemseestraße;wikidata;;Q4138;
Clausthaler Ring;wikidata;;Q504590;
Cochemer Straße;wikidata;;Q502749;
Cottbusereg;wikidata;;Q3214;
D 1;wikidata;;Q2121848;
D 2;wikidata;;Q2121848;
D 3;wikidata;;Q2121848;
D 4;wikidata;;Q2121848;
D 5;wikidata;;Q2121848;
D 6;wikidata;;Q2121848;
D 7;wikidata;;Q2121848;
Dachspfad;wikidata;;Q10328397;
Dahlienplatz;wikidata;;Q130918;
Dahlienweg;wikidata;;Q130918;
Dammstraße;;;;
Dänischer Tisch;wikidata;;Q35;
Dannstadter Straße;wikidata;;Q567207;
Danziger Baumgang;wikidata;;Q1792;
Darmstadter Straße;wikidata;;Q2973;
Deidesheimer Straße;wikidata;;Q22951;
Delitzscher Straße;wikidata;;Q12052;
Der Hoheeg zum Rhein;wikidata;;Q584;
Dereidenweg;;;;
Dessauereg;wikidata;;Q487070;
Deutscheasse;;;;
Dieburger Straße;wikidata;;Q525493;
Diedesfelder Straße;wikidata;;Q882867;
Dillinger Straße;wikidata;;Q158408;
Dirschauereg;wikidata;;Q474697;
Distelsand;;;;
Dohlengasse;wikidata;;Q25345384;
Dompfaffweg;wikidata;;Q25382;
Domstiftstraße;wikidata;;Q1724897;
Donaustraße;wikidata;;Q1653;
Donnersbergstraße;wikidata;;Q22547;
Dononstraße;wikidata;;Q1242068;
Dorfgärtenstraße;;;;
Dorfstraße;;;;
Dornheimer Ring;;;;
Dortmunder Straße;wikidata;;Q1295;
Dossenwaldweg;;;;
Drachenfelsstraße;wikidata;;Q1254237;
Dragonerweg;wikidata;;Q194199;
Dreimärkereg;;;;
Dreimärkerschneise;;;;
Dreisteinweg;;;;
Dresdener Straße;wikidata;;Q1731;
Drosselstraße;wikidata;;Q26050;
Duisburger Straße;wikidata;;Q2100;
Dünenhof;;;;
Dünenweg;;;;
Düppelweg;wikidata;;Q834580;
Dürkheimer Straße;wikidata;;Q22901;
Durlacher Straße;wikidata;;Q639876;
Düsseldorfer Straße;wikidata;;Q1718;
Dynamostraße;wikidata;;Q1269111;
E 1;wikidata;;Q2121848;
E 2;wikidata;;Q2121848;
E 3;wikidata;;Q2121848;
E 4;wikidata;;Q2121848;
E 5;wikidata;;Q2121848;
E 6;wikidata;;Q2121848;
E 7;wikidata;;Q2121848;
Eberbacher Platz;wikidata;;Q22873;
Eberbacher Straße;wikidata;;Q22873;
Ebernburgstraße;wikidata;;Q884300;
Eberswaldereg;wikidata;;Q9306;
Edenkobener Straße;wikidata;;Q537985;
Edinger Riedweg;wikidata;;Q81099;
Edinger Riedweg;wikidata;;Q81099;
Eibseeweg;wikidata;;Q259699;
Eichbaumstraße;;;;
Eichelbergstraße;wikidata;;Q1301359;
Eichelsheimer Straße;wikidata;;Q1011559;
Eichenhof;wikidata;;Q12004;
Eichenweg;wikidata;;Q12004;
Eichhörnchenweg;wikidata;;Q281124;
Eichstetter Straße;wikidata;;Q606787;
Eifelstraße;wikidata;;Q152356;
Eigene Scholle;;;;
Eilenburgereg;wikidata;;Q12055;
Eintrachtstraße;;;;
Eisenachereg;wikidata;;Q7070;
Eisenbahnstraße;;;;
Eisenstraße;wikidata;;Q678565;
Eislebenereg;wikidata;;Q484870;
Elbingereg;wikidata;;Q104712;
Ellerstadter Straße;wikidata;;Q23017;
Elritzenweg;wikidata;;Q214278;
Elstergasse;wikidata;;Q25307;
Endinger Straße;wikidata;;Q168511;
Entennest;wikidata;;Q27725;
Entenstrich;wikidata;;Q27725;
Enzianstraße;wikidata;;Q144682;
Erbacher Straße;wikidata;;Q571748;
Erfurtereg;wikidata;;Q1729;
Erlenstraße;wikidata;;Q25239;
Ernsttaler Straße;wikidata;;Q51301797;
Ersteiner Straße;wikidata;;Q22517;
Eschenhof;wikidata;;Q128887;
Eschkopfstraße;wikidata;;Q1367094;
Espenstraße;wikidata;;Q146110;
Essener Straße;wikidata;;Q2066;
Ettlinger Straße;wikidata;;Q14893;
Eulenweg;wikidata;;Q25222;
Europaplatz;;;;
F 1;wikidata;;Q2121848;
F 2;wikidata;;Q2121848;
F 3;wikidata;;Q2121848;
F 4;wikidata;;Q2121848;
F 5;wikidata;;Q2121848;
F 6;wikidata;;Q2121848;
F 7;wikidata;;Q2121848;
Fabrikstationstraße;;;;
Fadenweg;wikidata;;Q1391831;
Fahrgasse;;;;
Fahrlachstraße;;;;
Falkensteinweg;wikidata;;Q1011686;
Falkenstraße;wikidata;;Q43489;
Farnkrautweg;wikidata;;Q80005;
Fasanenstraße;wikidata;;Q25432;
Faserweg;wikidata;;Q161;
Feldbergstraße;wikidata;;Q316401;
Feldstraße;;;;
Feudenheimerrün;wikidata;;Q1409424;
Feudenheimer Straße;wikidata;;Q1409424;
Fichtenweg;wikidata;;Q145992;
Finkenstraße;wikidata;;Q160835;
Fischerstraße;;;;
Flachsstraße;wikidata;;Q45108;
Flensburger Ring;wikidata;;Q3798;
Fliederweg;wikidata;;Q157449;
Floßwörthstraße;;;;
Föhrenhof;wikidata;;Q12024;
Föhrenweg;wikidata;;Q12024;
Forbachereg;wikidata;;Q81306;
Forggenseestraße;wikidata;;Q680236;
Forlenstraße;wikidata;;Q12024;
Forster Straße;wikidata;;Q23024;
Frankenbergereg;wikidata;;Q71104;
Frankenthaler Straße;wikidata;;Q6905;
Frankfurter Pfad;wikidata;;Q1794;
Franziskusstraße;wikidata;;"Q2316067;Q676555";
Freiberger Ring;wikidata;;Q14819;
Freiburger Straße;wikidata;;Q2833;
Freieuft;;;;
Freiereg;;;;
Freiheitsplatz;wikidata;;Q799097;
Freinsheimer Straße;wikidata;;Q539630;
Friedberger Straße;wikidata;;Q516485;
Friedelsheimer Straße;wikidata;;Q22984;
Friedensplatz;;;;
Friedensstraße;wikidata;;Q46083;
Friedhofstraße;;;;
Friedrichsfelderck;wikidata;;Q1464220;
Friedrichsfeldereg;wikidata;;Q1464220;
Friesenheimer Straße;wikidata;;Q1875414;
Frischer Mut;;;;
Frischer Sinn;;;;
Frohe Zuversicht;;;;
Fronäckerstraße;;;;
Frondgraben;;;;
Fruchtbahnhofstraße;;;;
Frühlingstraße;wikidata;;Q1312;
Fuchsfalle;wikidata;;Q8332;
Fuchsienweg;wikidata;;Q161066;
Füllenweg;;;;
Fürstenwaldereg;wikidata;;Q16064;
Fürther Straße;wikidata;;Q1483706;
G 1;wikidata;;Q2121848;
G 2;wikidata;;Q2121848;
G 3;wikidata;;Q2121848;
G 4;wikidata;;Q2121848;
G 5;wikidata;;Q2121848;
G 6;wikidata;;Q2121848;
G 7;wikidata;;Q2121848;
Gaggenauer Straße;wikidata;;Q504451;
Garnisonstraße;wikidata;;Q131766522;
Garnstraße;wikidata;;Q49007;
Gartenfeldstraße;;;;
Gartenschauweg;;;;
Gartenstraße;;;;
Gärtnerstraße;;;;
Gaswerkstraße;;;;
Gebweilerstraße;wikidata;;Q209814;
Geierstraße;wikidata;;Q123120;
Gengenbacher Straße;wikidata;;Q505495;
Geraer Ring;wikidata;;Q3750;
Geranienweg;wikidata;;Q157211;
Gernsheimer Straße;wikidata;;Q625091;
Gerstenstraße;wikidata;;Q11577;
Gewerbstraße;;;;
Gießenstraße;wikidata;;Q3874;
Gimmeldinger Straße;wikidata;;Q882850;
Ginsterweg;wikidata;;Q156696;
Glasstraße;wikidata;;Q678565;
Glauchauereg;wikidata;;Q20071;
Glücksburgereg;wikidata;;Q494617;
Gnesener Straße;wikidata;;Q51432;
Gondelplatz;;;;
Gondelstraße;;;;
Gönnheimereg;wikidata;;Q553267;
Gontardplatz;;;;
Gontardstraße;;;;
Görlitzereg;wikidata;;Q4077;
Gorxheimer Straße;wikidata;;Q1538440;
Goslarereg;wikidata;;Q3896;
Gothaereg;wikidata;;Q6986;
Gottfriedstraße;;;;
Grabenweg;;;;
Gralsstraße;;;;
Grasweg;;;;
Graudenzerinie;wikidata;;Q123511;
Greifswaldereg;wikidata;;Q4098;
Grenadierstraße;;;;
Grenzhofereg;wikidata;;Q15111809;
Grenzschneise;;;;
Grenzweg;;;;
Groß-Gerauer Straße;wikidata;;Q251689;
Großbranndweg;;;;
Großeusdauer;;;;
Großerlen;wikidata;;Q25239;
Große Holzgasse;;;;
Großereidstückerweg;;;;
Großfeldstraße;;;;
Großgehrenstraße;;;;
Grünerinkel;;;;
Grüntenseeweg;wikidata;;Q1552377;
Gundelsheimer Straße;wikidata;;Q537997;
Gutacher Ring;wikidata;;Q538615;
Guterde;;;;
Guter Fortschritt;;;;
Güterhallenstraße;;;;
H 1;wikidata;;Q2121848;
H 2;wikidata;;Q2121848;
H 3;wikidata;;Q2121848;
H 4;wikidata;;Q2121848;
H 5;wikidata;;Q2121848;
H 6;wikidata;;Q2121848;
H 7;wikidata;;Q2121848;
Haardtstraße;wikidata;;Q837186;
Habichtplatz;wikidata;;Q137474876;
Habichtstraße;wikidata;;Q137474876;
Haderslebener Straße;wikidata;;Q29868;
Hafenbahnstraße;;;;
Hafenstraße;;;;
Hagenauer Straße;wikidata;;Q22730;
Hagenauerinkel;wikidata;;Q22730;
Hainbuchenhof;wikidata;;Q158513;
Hainbuchenweg;wikidata;;Q158513;
Halberstadtereg;wikidata;;Q7072;
Hallenbrücken;;;;
Hallenbuckel;;;;
Hallenstraße;;;;
Hallenweg;;;;
Hallesche Straße;wikidata;;Q2814;
Hambacher Straße;wikidata;;Q393532;
Hammerstraße;wikidata;;Q25294;
Hanauer Platz;wikidata;;Q3802;
Hanauer Straße;wikidata;;Q3802;
Hanfstraße;wikidata;;Q79817;
Hangstraße;;;;
Hansastraße;;;;
Hardenburgstraße;wikidata;;Q1585090;
Hardheimer Straße;wikidata;;Q539852;
Harpener Straße;wikidata;;Q889064;
Harrlachgärtenweg;;;;
Harrlachweg;;;;
Harzburgereg;wikidata;;Q522459;
Haselweg;wikidata;;Q124969;
Hasenackerstraße;;;;
Hasengasse;wikidata;;Q25900;
Haßlocher Straße;wikidata;;Q664857;
Hauptstraße;;;;
Hauptweg;;;;
Hausacher Straße;wikidata;;Q506856;
Häuselweg;;;;
Havellandstraße;wikidata;;Q897270;
Hechtstraße;;;;
Heckweg;;;;
Heddesheimer Straße;wikidata;;Q83154;
Heddesheimer-Landstraße;wikidata;;Q83154;
Heidelberger Straße;wikidata;;Q2966;
Heidestraße;;;;
Heilbronner Straße;wikidata;;Q715;
Heilsberger Hof;wikidata;;Q751123;
Heilsberger Straße;wikidata;;Q751123;
Hellebardenweg;wikidata;;Q185623;
Hellingstraße;wikidata;;Q20820202;
Heppenheimer Straße;wikidata;;Q524407;
Herbststraße;wikidata;;Q1314;
Hermsheimer Straße;wikidata;;Q1981113;
Herrenalb;;;;
Herrenalber Straße;wikidata;;Q374242;
Herrensand;;;;
Herrlachstraße;wikidata;;Q30198;
Herrmannstraße;;;;
Herrschaftsgraben;;;;
Hersfelder Straße;wikidata;;Q16145;
Herxheimer Straße;wikidata;;Q201065;
Herzogenriedstraße;;;;
Hessische Straße;wikidata;;Q1615899;
Heumarkt;;;;
Heustraße;wikidata;;Q336989;
Heydekrugereg;wikidata;;Q391626;
Hiebweg;;;;
Hinteremolfsberg;;;;
Hinterenorfgärten;;;;
Hintergasse;;;;
Hintergereute;;;;
Hirschgasse;wikidata;;Q23390;
Hirschhorner Straße;wikidata;;Q643634;
Hirschländerweg;;;;
Hirtenbrunnenstraße;;;;
Hochdorfer Straße;wikidata;;Q25158437;
Hochfirststraße;wikidata;;Q897231;
Hochstättstraße;wikidata;;Q1622382;
Höchster Straße;wikidata;;Q634819;
Hochuferstraße;;;;
Hockenheimer Straße;wikidata;;Q8336;
Hofgasse;;;;
Hofgewannstraße;;;;
Hofheimer Straße;wikidata;;Q1623114;
Hohensalzaer Straße;wikidata;;Q378821;
Höhenstraße;;;;
Hohereg;;;;
Hohwiesenstraße;;;;
Hohwörthstraße;;;;
Holderweg;wikidata;;Q25662;
Holländerstraße;wikidata;;Q102911;
Holunderstraße;wikidata;;Q131448;
Holzstraße;;;;
Holzweg;;;;
Hombuschstraße;;;;
Hopfenstraße;wikidata;;Q158790;
Hornbergstraße;wikidata;;Q881736;
Hornisgrindestraße;wikidata;;Q650402;
Hörselbergstraße;wikidata;;Q1651849;
Hubenstraße;;;;
Hüninger Straße;wikidata;;Q83415;
Husarenweg;wikidata;;Q191713;
Huthorstweg;;;;
I 1;wikidata;;Q2121848;
I 2;wikidata;;Q2121848;
I 3;wikidata;;Q2121848;
I 4;wikidata;;Q2121848;
I 5;wikidata;;Q2121848;
I 6;wikidata;;Q2121848;
I 7;wikidata;;Q2121848;
Iffezheimer Straße;wikidata;;Q81169;
Iggelheimer Straße;wikidata;;Q22972;
Ihringer Straße;wikidata;;Q550630;
Illerstraße;wikidata;;Q159467;
Iltisweg;wikidata;;Q30097;
Ilvesheimer Straße;wikidata;;Q22958;
Im Büchsenschall;;;;
Im Hummelhorst;;;;
Im Kaisergewann;;;;
Im Morchfeld;;;;
Im Morchhof;;;;
Im Oberen Falltor;;;;
Im Pfeifferswörth;;;;
Im Probstgewann;;;;
Im Rott;;;;
Im Sennteich;;;;
Im Stilleninkel;;;;
Imirbel;;;;
Imörtel;;;;
Immenweg;;;;
Inenlteniesen;;;;
Inen Hopfengärten;;;;
Inernlage;;;;
Ineru;;;;
Industriehafen;;;;
Industriestraße;;;;
Inneneck;;;;
Innere Bogenstraße;;;;
Innereingertstraße;;;;
Innerer Heckweg;;;;
Innstraße;wikidata;;Q14369;
Inselstraße;;;;
Insterburgereg;wikidata;;Q5655;
Irisweg;wikidata;;Q156901;
Isarweg;wikidata;;Q106588;
Jagdpfad;;;;
Jägerstraße;;;;
Jasminweg;wikidata;;Q82014;
Jechtingereg;wikidata;;Q107642711;
Jenaereg;wikidata;;Q3150;
Johannesmühler Straße;;;;
Johannisberger Straße;wikidata;;Q1698901;
Jungbuschbrücke;wikidata;;Q1713309;
Jungbuschstraße;wikidata;;Q1713309;
Jupiterweg;wikidata;;Q319;
Jüterbogereg;wikidata;;Q486541;
Juteweg;wikidata;;Q107211;
K 1;wikidata;;Q2121848;
K 2;wikidata;;Q2121848;
K 3;wikidata;;Q2121848;
K 4;wikidata;;Q2121848;
K 5;wikidata;;Q2121848;
K 6;wikidata;;Q2121848;
K 7;wikidata;;Q2121848;
Käfertaler Steinweg;wikidata;;Q1795296;
Käfertaler Straße;wikidata;;Q1795296;
Kaiser-Wilhelm-Hafen;;;;
Kaiserstuhlring;wikidata;;Q701516;
Kaiserwörthweg;;;;
Kallstadter Straße;wikidata;;Q22537;
Kalmitplatz;wikidata;;Q1722544;
Kalmitstraße;wikidata;;Q1722544;
Kalthorststraße;;;;
Kamenzer Straße;wikidata;;Q81722;
Kaninchenweg;wikidata;;Q9394;
Kapellenplatz;;;;
Kapellenstraße;;;;
Kappesstraße;;;;
Karlsbergereg;wikidata;;Q6373901;
Karlsruher Straße;wikidata;;Q1040;
Karpfenstraße;wikidata;;Q81110;
Kasseler Straße;wikidata;;Q2865;
Kastanienallee;;;;
Kastanienstraße;;;;
Katharinenstraße;;;;
Kattowitzer Zeile;wikidata;;Q588;
Kehler Straße;wikidata;;Q15979;
Keilerweg;wikidata;;Q58697;
Kellereistraße;;;;
Ketscher Ring;wikidata;;Q22959;
Kiebitzweg;;;;
Kiefernstraße;wikidata;;Q12024;
Kieselgrund;;;;
Kiesteichweg;;;;
Kinzigstraße;wikidata;;Q700095;
Kirchenstraße;;;;
Kirchgasse;wikidata;;Q1257704;
Kirchpfad;wikidata;;Q759629;
Kirchplatz;wikidata;;Q1386830;
Kirchwaldstraße;wikidata;;Q1533045;
Kirschgartshäuser Straße;wikidata;;Q45786603;
Kleestraße;wikidata;;Q101538;
Kleestraße;wikidata;;Q101538;
Kleinedlerstraße;;;;
Kleine Riedstraße;;;;
Kleine Schwanengasse;;;;
Kleine Straße;;;;
Kleinernfang;;;;
Kleinfeldstraße;;;;
Kleingehrenstraße;;;;
Klingenberger Straße;wikidata;;Q502934;
Kloppenheimer Brücke;;;;
Kloppenheimer Straße;;;;
Knick;;;;
Knie;;;;
Kniebisstraße;wikidata;;Q1342341;
Koblenzer Straße;wikidata;;Q3104;
Kochelseeweg;wikidata;;Q257264;
Kohlenstraße;wikidata;;Q24489;
Kolmarer Straße;wikidata;;Q130994;
Kometenweg;wikidata;;Q3559;
Königsbacher Straße;wikidata;;Q282991;
Königsbergerllee;wikidata;;Q1829;
Königshofer Straße;wikidata;;Q1796381;
Königsseestraße;wikidata;;Q156715;
Königsteiner Straße;wikidata;;Q569661;
Konitzereg;wikidata;;Q740241;
Konstanzer Straße;wikidata;;Q3834;
Korbangel;;;;
Kormoranstraße;wikidata;;Q3901247;
Kornblumenstraße;wikidata;;Q156921;
Köthenereg;wikidata;;Q1796771;
Krähenflügel;wikidata;;Q43365;
Krähenflügelweg;wikidata;;Q43365;
Krähenweg;wikidata;;Q43365;
Kranichweg;wikidata;;Q25365;
Krappitzer Straße;wikidata;;Q983729;
Krappmühlstraße;wikidata;;Q163641;
Krautgartenweg;;;;
Krautheimer Straße;wikidata;;Q539659;
Kreuzstraße;;;;
Kreuzweg;;;;
Kriegerstraße;;;;
Krokusweg;wikidata;;Q157806;
Kronberger Straße;wikidata;;Q569634;
Kronenburgstraße;wikidata;;Q1789858;
Kronenstraße;;;;
Kropsburgstraße;wikidata;;Q1790038;
Kuckucksplatz;wikidata;;Q26381;
Kugelfangweg;;;;
Kuhbrunnenweg;;;;
Kulmer Straße;wikidata;;Q161962;
Külsheimer Straße;wikidata;;Q61711;
Kupferstraße;;;;
Kurpfalzbrücke;wikidata;;Q1539728;
Kurpfalzstraße;wikidata;;Q22880;
Kurzgewannstraße;;;;
L 1;wikidata;;Q2121848;
L 2;wikidata;;Q2121848;
L 3;wikidata;;Q2121848;
L 4;wikidata;;Q2121848;
L 5;wikidata;;Q2121848;
L 6;wikidata;;Q2121848;
L 7;wikidata;;Q2121848;
L 8;wikidata;;Q2121848;
L 9;wikidata;;Q2121848;
L 10;wikidata;;Q2121848;
L 11;wikidata;;Q2121848;
L 12;wikidata;;Q2121848;
L 13;wikidata;;Q2121848;
L 14;wikidata;;Q2121848;
L 15;wikidata;;Q2121848;
Ladenburger Straße;wikidata;;Q83225;
Lafettenweg;wikidata;;Q97384104;
Lagerstraße;;;;
Lahnstraße;wikidata;;Q103148;
Lahrer Straße;wikidata;;Q7039;
Lampertheimer Straße;wikidata;;Q16099;
Landteilstraße;;;;
Landwehrstraße;;;;
Landzungenstraße;;;;
Langellee;;;;
Lange Rötterstraße;;;;
Langer Schlag;;;;
Langer Schlag;;;;
Langgewannweg;;;;
Langlachweg;;;;
Langstraße;;;;
Laubenheimer Straße;wikidata;;Q1885700;
Laudenbacher Straße;wikidata;;Q81620;
Lauffener Straße;wikidata;;Q525720;
Laurentiusstraße;;;;
Lauterburger Straße;wikidata;;Q22435;
Lechstraße;wikidata;;Q155841;
Leinenstraße;wikidata;;Q161100;
Leinpfad;;;;
Leipziger Straße;wikidata;;Q2079;
Leistadter Straße;wikidata;;Q326370;
Lembacher Straße;wikidata;;Q21323;
Lenaustraße;wikidata;;Q84280;
Lerchenstraße;wikidata;;Q29858;
Levkojenweg;wikidata;;Q159046;
Lichte Zeile;;;;
Lichtenauer Straße;wikidata;;Q550859;
Liebfrauenstraße;;;;
Ligusterweg;wikidata;;Q753099;
Lilienstraße;;;;
Limbacher Straße;wikidata;;Q632421;
Limburgstraße;wikidata;;Q572384;
Lindenhofplatz;;;;
Lindenhofstraße;;;;
Lindenstraße;;;;
Linsenbühlweg;;;;
Lissaereg;wikidata;;Q52892;
Lörracher Straße;wikidata;;Q6855;
Lorscher Straße;wikidata;;Q524939;
Loslauereg;wikidata;;Q500260;
Lötzenereg;wikidata;;Q841356;
Löwenstraße;;;;
Ludolf-Krehl-Platz;wikidata;;Q68093;
Ludolf-Krehl-Straße;wikidata;;Q68093;
Ludwigsbadstraße;;;;
Ludwigshafener Straße;wikidata;;Q2910;
Luftschifferstraße;;;;
Lupinenstraße;wikidata;;Q156811;
Luzenbergstraße;;;;
M 1;wikidata;;Q2121848;
M 2;wikidata;;Q2121848;
M 3;wikidata;;Q2121848;
M 4;wikidata;;Q2121848;
M 5;wikidata;;Q2121848;
M 6;wikidata;;Q2121848;
M 7;wikidata;;Q2121848;
Madenburgstraße;wikidata;;Q1883297;
Magdeburger Straße;wikidata;;Q1733;
Magnolienweg;;;;
Maiblumenhof;;;;
Maienweg;;;;
Maikammerstraße;wikidata;;Q22969;
Main-Neckar-Bahn-Straße;;;;
Mainauereg;wikidata;;Q165401;
Mainstraße;wikidata;;Q1670;
Mallaustraße;;;;
Mallauweg;;;;
Malvenweg;wikidata;;Q147325;
Malzstraße;wikidata;;Q152024;
Mannheimer Straße;wikidata;;Q2119;
Mansfeldereg;wikidata;;Q502926;
Marburger Straße;wikidata;;Q3869;
Marcobrunnerstraße;wikidata;;Q1304302;
Marderweg;wikidata;;Q25437;
Marienburger Straße;wikidata;;Q146820;
Marienwerderweg;wikidata;;Q326582;
Märker Querschlag;;;;
Markircher Straße;wikidata;;Q500400;
Marktplatz;wikidata;;Q19996517;
Marktplatz;;;;
Marktstraße;wikidata;;Q19996517;
Marsweg;wikidata;;Q111;
Maudacher Straße;wikidata;;Q22829;
Mauerstraße;;;;
Maxauer Straße;wikidata;;Q1913735;
Maxburgstraße;wikidata;;Q523286;
Maxdorfer Straße;wikidata;;Q566946;
Maxstraße;;;;
Meckenheimer Straße;wikidata;;Q660438;
Meeräckerplatz;;;;
Meeräckerstraße;;;;
Meerfeldstraße;;;;
Meerlachstraße;;;;
Meersburger Straße;wikidata;;Q498212;
Meerwiesenstraße;;;;
Meiningereg;wikidata;;Q487278;
Meißenereg;wikidata;;Q8738;
Memeler Straße;wikidata;;Q776965;
Merkurweg;wikidata;;Q308;
Merziger Straße;wikidata;;Q16130;
Meßkircher Straße;wikidata;;Q82724;
Meteorweg;wikidata;;Q131136;
Mettlacher Straße;wikidata;;Q543627;
Metzer Straße;wikidata;;Q22690;
Michelstadter Straße;wikidata;;Q516517;
Miltenberger Straße;wikidata;;Q502681;
Minneburgstraße;wikidata;;Q1937316;
Mittelried;;;;
Mittelstraße;;;;
Mittelweg;;;;
Mohnäckerstraße;;;;
Molsheimer Straße;wikidata;;Q22697;
Mönchplatz;wikidata;;Q157550;
Mönchstraße;wikidata;;Q157550;
Mönchwörthstraße;;;;
Mondgasse;;;;
Moosgasse;;;;
Morchfeldstraße;;;;
Morgenröte;;;;
Mosbacher Straße;wikidata;;Q23008;
Moselstraße;wikidata;;Q1667;
Möwenstraße;;;;
Mudauer Ring;wikidata;;Q545231;
Mühlaubrücke;;;;
Mühlaugrün;;;;
Mühlenstraße;wikidata;;Q44494;
Mühlfeld;;;;
Mühlweg;;;;
Mülhauser Straße;wikidata;;Q79815;
Mülhauserinkel;wikidata;;Q79815;
Mülheimer Straße;wikidata;;Q2899;
Münchwälderstraße;;;;
Mundenheimer Straße;wikidata;;Q1952690;
Münzplatz;wikidata;;Q464780;
Murgstraße;wikidata;;Q685327;
Museumsstraße;wikidata;;Q882079;
Musketenweg;wikidata;;Q178243;
Mußbacher Straße;wikidata;;Q10764833;
Mutterstadter Platz;wikidata;;Q657074;
Mutterstadter Straße;wikidata;;Q657074;
N 1;wikidata;;Q2121848;
N 2;wikidata;;Q2121848;
N 3;wikidata;;Q2121848;
N 4;wikidata;;Q2121848;
N 5;wikidata;;Q2121848;
N 6;wikidata;;Q2121848;
N 7;wikidata;;Q2121848;
Nahestraße;wikidata;;Q168696;
Narzissenweg;wikidata;;Q29465;
Nauheimer Straße;wikidata;;Q16105;
Naumburgereg;wikidata;;Q15986;
Neckarauer Straße;wikidata;;Q1973682;
Neckaraueraldweg;wikidata;;Q1973682;
Neckargrün;;;;
Neckarhauser Straße;wikidata;;Q81099;
Neckarplatt;;;;
Neckarpromenade;;;;
Neckarspitze;wikidata;;Q1673;
Neckarstraße;wikidata;;Q1673;
Neckarvorlandbrücke;wikidata;;Q1673;
Neckarvorlandstraße;wikidata;;Q1673;
Nelkenstraße;wikidata;;Q156099;
Neonstraße;wikidata;;Q654;
Neudammstraße;;;;
Neudorfstraße;wikidata;;Q122332;
Neue Heimat;;;;
Neue Poststraße;;;;
Neueichwaldstraße;;;;
Neuer Meßplatz;;;;
Neueseben;;;;
Neugasse;;;;
Neuhofer Straße;wikidata;;Q553863;
Neumarkt;;;;
Neunkircher Straße;wikidata;;Q6880;
Neuostheimer Straße;wikidata;;Q1981113;
Neurottstraße;;;;
Neustadter Straße;wikidata;;Q4149;
Neustrelitzereg;wikidata;;Q20352;
Neuwaldgrenzweg;;;;
Nibelungenring;wikidata;;Q115933087;
Niederbronner Straße;wikidata;;Q21387;
Niederbrücklplatz;;;;
Niederfeldstraße;;;;
Niederfeldweg I;;;;
Niederfeldweg II;;;;
Niederfeldweg III;;;;
Niederfeldweg IV;;;;
Niederfeldweg V;;;;
Niersteiner Straße;wikidata;;Q680403;
Nonnenstraße;wikidata;;Q157550;
Nordhäusereg;wikidata;;Q7033;
Nürburgstraße;wikidata;;Q628095;
Nußbaumweg;;;;
O 1;wikidata;;Q2121848;
O 2;wikidata;;Q2121848;
O 3;wikidata;;Q2121848;
O 4;wikidata;;Q2121848;
O 5;wikidata;;Q2121848;
O 6;wikidata;;Q2121848;
O 7;wikidata;;Q2121848;
Oberbergener Straße;wikidata;;Q1676741;
Obere Riedstraße;;;;
Oberer Bruchrand;;;;
Oberes Ringgäßchen;;;;
Obergasse;;;;
Oberkircher Straße;wikidata;;Q541381;
Oberneugasse;;;;
Oberrotweiler Straße;wikidata;;Q885299;
Obhut;;;;
Obstgartenweg;wikidata;;Q143970;
Odenwaldstraße;wikidata;;Q8359;
Offenbacher Straße;wikidata;;Q3042;
Offenburger Straße;wikidata;;Q4044;
Oftersheimer Straße;wikidata;;Q81862;
Öhmdstraße;wikidata;;Q336989;
Ölhafenstraße;wikidata;;Q15110396;
Oppauer Kreuzweg;wikidata;;Q212334;
Oppauer Straße;wikidata;;Q212334;
Ortelsburger Straße;wikidata;;Q953181;
Ortenaustraße;wikidata;;Q8191;
Ortsstraße;;;;
Ostallee;;;;
Osterburker Straße;wikidata;;Q529154;
Osterodereg;wikidata;;Q899751;
Osterstraße;;;;
Östliche Bahnstraße;wikidata;;Q47004109;
Östlicher Riedbahnweg;;;;
Oswaldstraße;;;;
Ottenhöfer Straße;wikidata;;Q533667;
Otterstadter Straße;wikidata;;Q23035;
P 1;wikidata;;Q2121848;
P 2;wikidata;;Q2121848;
P 3;wikidata;;Q2121848;
P 4;wikidata;;Q2121848;
P 5;wikidata;;Q2121848;
P 6;wikidata;;Q2121848;
P 7;wikidata;;Q2121848;
Pappelallee;wikidata;;Q25356;
Pappelallee;wikidata;;Q25356;
Paradeplatz;;;;
Parkau;;;;
Parkring;;;;
Paulusbergstraße;;;;
Pechelbronner Straße;wikidata;;Q21359;
Petersauer Straße;wikidata;;Q1493680;
Peterskopfstraße;wikidata;;Q1477611;
Pfalzburger Straße;wikidata;;Q22160;
Pfalzplatz;wikidata;;Q326359;
Pfalzstraße;wikidata;;Q326359;
Pfarrgasse;;;;
Pfauengasse;wikidata;;Q61865;
Pfeilstraße;;;;
Pfingstbergplatz;;;;
Pfingstbergstraße;;;;
Pfingstweidstraße;;;;
Pflügersgrundstraße;;;;
Pflugstraße;;;;
Pforzheimer Straße;wikidata;;Q3046;
Pfungstadter Straße;wikidata;;Q516500;
Philippsburgereg;wikidata;;Q541161;
Pillauer Straße;wikidata;;Q5660;
Pirnaer Straße;wikidata;;Q6477;
Pirolweg;wikidata;;Q25388;
Planetenweg;wikidata;;Q634;
Plankstadter Straße;wikidata;;Q81959;
Plattstraße;;;;
Platzer Freundschaft;;;;
Plauenereg;wikidata;;Q3952;
Plinaustraße;;;;
Plittersdorfer Straße;wikidata;;Q1933065;
Pommernstraße;wikidata;;Q104520;
Posener Platz;wikidata;;Q268;
Posener Straße;wikidata;;Q268;
Posthornweg;;;;
Poststraße;;;;
Potsdamereg;wikidata;;Q1711;
Preßkammstraße;;;;
Priebuser Straße;wikidata;;Q164072;
Promenadenweg;;;;
Pulversheimer Straße;wikidata;;Q149322;
Pumpwerkstraße;;;;
Pyramidenstraße;;;;
Q 1;wikidata;;Q2121848;
Q 2;wikidata;;Q2121848;
Q 3;wikidata;;Q2121848;
Q 4;wikidata;;Q2121848;
Q 1;wikidata;;Q2121848;
Q 2;wikidata;;Q2121848;
Q 3;wikidata;;Q2121848;
Quedlinburgereg;wikidata;;Q40623;
Querstraße;;;;
R 1;wikidata;;Q2121848;
R 2;wikidata;;Q2121848;
R 3;wikidata;;Q2121848;
R 4;wikidata;;Q2121848;
R 5;wikidata;;Q2121848;
R 6;wikidata;;Q2121848;
R 7;wikidata;;Q2121848;
Rabengasse;wikidata;;Q43365;
Radeberger Straße;wikidata;;Q81729;
Radfahrweg;;;;
Rahnfelsstraße;wikidata;;Q1287269;
Rainweidenstraße;wikidata;;Q753099;
Rampenweg;;;;
Rappoltsweilerstraße;wikidata;;Q148483;
Rappoltsweilerwinkel;wikidata;;Q148483;
Rastatter Straße;wikidata;;Q6874;
Rastenburger Straße;wikidata;;Q319397;
Rathausstraße;;;;
Ratsschreibergasse;;;;
Raupenweg;;;;
Rebenstraße;;;;
Rebhuhnstraße;wikidata;;Q26106;
Regattastraße;wikidata;;Q124711016;
Regenbogen;;;;
Regenweg;;;;
Rehpfad;wikidata;;Q122069;
Rehschneise;wikidata;;Q122069;
Reichshofer Straße;wikidata;;Q21298;
Reiherplatz;wikidata;;Q18789;
Reiherstraße;wikidata;;Q18789;
Reilingereg;wikidata;;Q81913;
Reiterweg;wikidata;;Q179226;
Relaisstraße;wikidata;;Q134738428;
Renchener Straße;wikidata;;Q534613;
Rheinauer Ring;wikidata;;Q2147550;
Rheinauhafen;wikidata;;Q1567807;
Rheinaustraße;wikidata;;Q2147550;
Rheinbadweg;wikidata;;Q584;
Rheindammstraße;;;;
Rheinfelder Straße;wikidata;;Q16077;
Rheingärtenstraße;;;;
Rheingoldplatz;wikidata;;Q1678073;
Rheingoldstraße;wikidata;;Q1678074;
Rheingönheimer Straße;wikidata;;Q995018;
Rheinhäuser Straße;wikidata;;Q1013661;
Rheinkaistraße;;;;
Rheinmühlenstraße;;;;
Rheinparkstraße;;;;
Rheinpromenade;;;;
Rheinrottstraße;;;;
Rheinstraße;wikidata;;Q584;
Rheintalbahnstraße;wikidata;;Q318849;
Rheinvillenstraße;;;;
Rheinvorlandstraße;;;;
Rheinwiesenstraße;;;;
Rhenaniastraße;wikidata;;Q107359789;
Riedfeldstraße;;;;
Riedgärtenstraße;;;;
Riedlach;;;;
Riedspitze;;;;
Riedweg;;;;
Riegelereg;wikidata;;Q557790;
Riesaereg;wikidata;;Q8775;
Rieslingweg;wikidata;;Q456471;
Riestenweg;;;;
Rietburgstraße;wikidata;;Q1400792;
Rindenweg;wikidata;;Q184453;
Ringstraße;;;;
Rittershofener Straße;wikidata;;Q21315;
Robinienstraße;wikidata;;Q472943;
Roggenplatz;wikidata;;Q12099;
Roggenstraße;wikidata;;Q12099;
Rohrhofer Straße;wikidata;;Q106777660;
Rohrlachstraße;;;;
Rollbühlstraße;;;;
Rondellplatz;;;;
Rondellstraße;;;;
Rosengartenplatz;;;;
Rosenstraße;;;;
Roßlauereg;wikidata;;Q822148;
Rostockereg;wikidata;;Q2861;
Rotdornweg;wikidata;;Q1281102;
Roteichenplatz;wikidata;;Q147525;
Roteichenring;wikidata;;Q147525;
Rothlochweg;;;;
Rottannenhof;wikidata;;Q145992;
Rottannenweg;wikidata;;Q145992;
Rotterdamer Straße;wikidata;;Q34370;
Rottfeldstraße;;;;
Roxheimer Straße;wikidata;;Q47469527;
Ruchheimereg;wikidata;;Q22556;
Rüdesheimer Straße;wikidata;;Q628118;
Rudolstadtereg;wikidata;;Q517107;
Rügenereg;wikidata;;Q3237;
Ruhrorter Straße;wikidata;;Q127660;
Ruhrstraße;wikidata;;Q1664;
Ruppertsberger Straße;wikidata;;Q617940;
Rüsselsheimer Straße;wikidata;;Q4031;
S 1;wikidata;;Q2121848;
S 2;wikidata;;Q2121848;
S 3;wikidata;;Q2121848;
S 4;wikidata;;Q2121848;
S 5;wikidata;;Q2121848;
S 6;wikidata;;Q2121848;
Saalfeldereg;wikidata;;Q155984;
Saarbrücker Straße;wikidata;;Q1724;
Saarburger Ring;wikidata;;Q22544;
Sachsenstraße;wikidata;;Q1202;
Sackgasse;;;;
Säckinger Straße;wikidata;;Q522362;
Salmenstraße;wikidata;;Q2796766;
Salzachstraße;wikidata;;Q152661;
Salzwedelereg;wikidata;;Q486985;
Sammelbahnhof;;;;
Sandhofer Straße;wikidata;;Q1737297;
Sandrain;;;;
Sandtorferllee;;;;
Sankt-Ingberter-Straße;wikidata;;Q14907;
Sankt-Peter-und-Paul-Straße;wikidata;;Q1318188;
Sasbacher Straße;wikidata;;"Q536022;Q632868";
Saßnitzereg;wikidata;;Q494631;
Saturnweg;wikidata;;Q193;
Saupferchweg;;;;
Scarrastraße;;;;
Schaafeckweg;;;;
Schafscheuerstraße;;;;
Schafweide;;;;
Schanzenstraße;wikidata;;Q1265535;
Schanzenweg;;;;
Scharhofer Straße;wikidata;;Q1737297;
Schauenburgweg;wikidata;;Q2231897;
Schauinslandstraße;wikidata;;Q650549;
Schefflenzer Straße;wikidata;;Q552240;
Scheidhorststraße;;;;
Schienenstraße;;;;
Schienenweg;wikidata;;Q519477;
Schifferstadter Straße;wikidata;;Q23002;
Schildkrötstraße;wikidata;;Q1768259;
Schindkautweg;;;;
Schlachthofstraße;;;;
Schlehenweg;wikidata;;Q129018;
Schlettstadter Straße;wikidata;;Q22737;
Schleusenweg;;;;
Schlierbacher Straße;wikidata;;Q1758623;
Schlierseeweg;wikidata;;Q834157;
Schliffkopfstraße;wikidata;;Q881889;
Schlittweg;;;;
Schlossergasse;;;;
Schloßgartendamm;;;;
Schmiedgasse;;;;
Schneeberger Straße;wikidata;;Q57941;
Schneidemühler Straße;wikidata;;Q556200;
Schönauer Straße;wikidata;;Q1776013;
Schopfheimer Straße;wikidata;;Q61734;
Schrambergerinkel;wikidata;;Q82886;
Schreinergasse;;;;
Schriesheimer Straße;wikidata;;Q83292;
Schulstraße;;;;
Schulzenstraße;;;;
Schützenstraße;;;;
Schwabenheimer Straße;wikidata;;Q19963189;
Schwabenstraße;;;;
Schwalbacher Straße;wikidata;;Q522541;
Schwalbenstraße;wikidata;;Q39861;
Schwalbenstraße;wikidata;;Q39861;
Schwanenstraße;wikidata;;Q29564928;
Schwarzenberger Straße;wikidata;;Q57953;
Schwarzereg;;;;
Schwarzwaldstraße;wikidata;;Q4204;
Schweizerstraße;wikidata;;Q39;
Schwerinereg;wikidata;;Q1709;
Schwetzingerandstraße;wikidata;;Q3232;
Schwetzinger Platz;wikidata;;Q3232;
Schwetzinger Straße;wikidata;;Q3232;
Schwingstraße;;;;
Seckacher Straße;wikidata;;Q553224;
Seckenheimer Hauptstraße;wikidata;;Q2263743;
Seckenheimerandstraße;wikidata;;Q2263744;
Seckenheimer Straße;wikidata;;Q2263745;
Sedanstraße;wikidata;;Q184371;
Seidenstraße;wikidata;;Q37681;
Seilerstraße;;;;
Sennteichplatz;;;;
Sensburgereg;wikidata;;Q745085;
Siebenbürger Straße;wikidata;;Q39473;
Siebseeschneise;;;;
Siebseeweg;;;;
Siedlerpfad;;;;
Siegstraße;wikidata;;Q152484;
Silberpappelschneise;wikidata;;Q146269;
Silvesterplatz;wikidata;;Q11269;
Silvesterstraße;wikidata;;Q11269;
Singenereg;wikidata;;Q6979;
Sinsheimer Straße;wikidata;;Q14950;
Sisalweg;wikidata;;Q847423;
Sohrauer Straße;wikidata;;Q393171;
Sommerstraße;wikidata;;Q1313;
Sonderburger Straße;wikidata;;Q21179;
Sonnenschein;wikidata;;Q123322190;
Sonnenstraße;wikidata;;Q525;
Sonnigeu;;;;
Spargelweg;wikidata;;Q2853420;
Spatenstraße;wikidata;;Q216642;
Speckweg;;;;
Spelzenstraße;;;;
Sperbergasse;wikidata;;Q25380;
Sperlingweg;wikidata;;Q28922;
Spessartstraße;wikidata;;Q182470;
Speyerer Straße;wikidata;;Q6829;
Spiegelfabrik;wikidata;;Q678565;
Spiegelstraße;wikidata;;Q678565;
Spielgäßchen;wikidata;;Q11875349;
Spindelweg;wikidata;;Q519840;
Spinnereistraße;;;;
Sporwörthplatz;;;;
Sporwörthstraße;;;;
Spreewaldallee;wikidata;;Q148859;
Staffelseeweg;wikidata;;Q278982;
Stangenbrunnenweg;;;;
Starengasse;wikidata;;Q185237;
Stargardereg;wikidata;;Q106268;
Starke Hoffnung;;;;
Starkenburgweg;wikidata;;Q2332865;
Starnbergereg;wikidata;;Q61936;
Starreihe;wikidata;;Q185237;
Staßfurtereg;wikidata;;Q525409;
Stationsstraße;wikidata;;Q519477;
Staudenweg;wikidata;;Q1369438;
Staufener Straße;wikidata;;Q528062;
Steinsburgweg;wikidata;;Q1014121;
Steinstraße;;;;
Steinweg;;;;
Steinzeugstraße;wikidata;;Q1389503;
Stendalereg;wikidata;;Q7082;
Stern;;;;
Sternengasse;wikidata;;Q523;
Sternstraße;;;;
Stettiner Straße;wikidata;;Q393;
Stieglitzgasse;wikidata;;Q25418;
Stillereg;;;;
Stockacher Straße;wikidata;;Q61752;
Stolberger Straße;wikidata;;Q4068;
Stolzeneckstraße;wikidata;;Q1014146;
Strahlenburgstraße;wikidata;;Q2352985;
Stralsundereg;wikidata;;Q4065;
Strandbadweg;;;;
Straßburger Ring;wikidata;;Q6602;
Straßenheimereg;wikidata;;Q1648560;
Sudetenstraße;wikidata;;Q152131;
Suebenheimerllee;wikidata;;Q2263743;
Suebenstraße;wikidata;;Q2263743;
Sufflenheimer Straße;wikidata;;Q22437;
Suhlereg;wikidata;;Q14891;
Suhlschneise;;;;
Sulzbacher Straße;wikidata;;Q2365032;
Sulzer Straße;wikidata;;Q501798;
Sundgauanlage;wikidata;;Q108564999;
Swanseaplatz;wikidata;;Q23051;
Syltereg;wikidata;;Q3107;
T 1;wikidata;;Q2121848;
T 2;wikidata;;Q2121848;
T 3;wikidata;;Q2121848;
T 4;wikidata;;Q2121848;
T 5;wikidata;;Q2121848;
T 6;wikidata;;Q2121848;
Talhausring;wikidata;;Q8336;
Talstraße;;;;
Tambourweg;wikidata;;Q11404;
Tannenstraße;wikidata;;Q25350;
Tarnowitzereg;wikidata;;Q329833;
Taubenstraße;wikidata;;Q10856;
Tauberbischofsheimer Straße;wikidata;;Q61724;
Taubergrund;wikidata;;Q177480;
Tauberstraße;wikidata;;Q177480;
Taunusplatz;wikidata;;Q158884;
Tegernseeweg;wikidata;;Q253971;
Thorner Straße;wikidata;;Q47554;
Thüringer Straße;wikidata;;Q1205;
Tiefburgweg;wikidata;;Q2431829;
Tilsiter Straße;wikidata;;Q5647;
Titiseestraße;wikidata;;Q700097;
Tondernereg;wikidata;;Q3223979;
Toräckerstraße;;;;
Torgauereg;wikidata;;Q12062;
Torweg;;;;
Torwiesenstraße;;;;
Toulonplatz;wikidata;;Q44160;
Traminerweg;wikidata;;Q756654;
Traubenstraße;wikidata;;Q10978;
Traunstraße;wikidata;;Q664341;
Trautenfeldstraße;;;;
Triberger Ring;wikidata;;Q83271;
Trierer Straße;wikidata;;Q3138;
Trifelsstraße;wikidata;;Q559202;
Trommstraße;wikidata;;Q1766215;
Trompetergasse;;;;
Troßweg;wikidata;;Q1972796;
Tulpenstraße;wikidata;;Q93201;
Tunnelstraße;wikidata;;Q1495860;
Turbinenstraße;;;;
Turfweg;;;;
U 1;wikidata;;Q2121848;
U 2;wikidata;;Q2121848;
U 3;wikidata;;Q2121848;
U 4;wikidata;;Q2121848;
U 5;wikidata;;Q2121848;
U 6;wikidata;;Q2121848;
Überlinger Straße;wikidata;;Q332952;
Uhldinger Straße;wikidata;;Q527642;
Ulmenweg;wikidata;;Q131113;
Ungsteiner Straße;wikidata;;Q2493666;
Unionstraße;;;;
Unteremlkersberg;;;;
Unteren Birken;wikidata;;Q25243;
Untereneiden;;;;
Unteres Kirchfeld;;;;
Unteres Ringgäßchen;;;;
Unterfeld;;;;
Untergasse;;;;
Untermühlaustraße;;;;
Unterneugasse;;;;
Veilchenplatz;wikidata;;Q146095;
Veilchenstraße;wikidata;;Q146095;
Verbindungskanal;;;;
Verlängerte Jungbuschstraße;;;;
Viehhofstraße;wikidata;;Q1540283;
Viernheimereg;wikidata;;Q16055;
Villinger Straße;wikidata;;Q3865;
Vogesenstraße;wikidata;;Q187843;
Völklinger Straße;wikidata;;Q14876;
Volksschulstraße;;;;
Vorem Teich;;;;
Voremald;;;;
Vorderer Sporwörth;;;;
Wachenburgstraße;wikidata;;Q1433000;
Wachenheimer Straße;wikidata;;Q50897;
Wacholderstraße;wikidata;;Q25662;
Wachtelgasse;wikidata;;Q28358;
Wachtstraße;;;;
Waghäuselereg;wikidata;;Q504457;
Walchenseeweg;wikidata;;Q174645;
Waldblick;wikidata;;Q4421;
Waldeckweg;;;;
Waldfrieden;;;;
Waldgartenweg;;;;
Waldgrubenweg;;;;
Waldhofbecken;;;;
Waldhofer Pfad;;;;
Waldhofereg;;;;
Waldhofkei;;;;
Waldhofstraße;wikidata;;Q1566479;
Waldhornstraße;;;;
Waldkircher Straße;wikidata;;Q505447;
Waldlichtung;;;;
Waldmeisterring;wikidata;;Q161090;
Waldparkdamm;wikidata;;Q19885583;
Waldparkstraße;wikidata;;Q19885583;
Waldpforte;wikidata;;Q62068781;
Waldschulweg;;;;
Waldseestraße;wikidata;;Q23023;
Waldshuter Straße;wikidata;;Q505433;
Waldspitze;;;;
Waldstraße;wikidata;;Q62068781;
Waldwinkel;;;;
Walldorfer Straße;wikidata;;Q22872;
Walldürner Straße;wikidata;;Q503285;
Wallstadter Straße;wikidata;;Q2543084;
Wallstraße;;;;
Warnemündereg;wikidata;;Q311849;
Wartburgstraße;wikidata;;Q151545;
Wasengrund;;;;
Wasserbett;;;;
Wasserturmanlage;wikidata;;Q58044450;
Wasserwerkstraße;;;;
Webereistraße;wikidata;;Q192296;
Weidenstraße;wikidata;;Q36050;
Weiherstraße;;;;
Weiherweg;;;;
Weikersheimer Ring;wikidata;;Q61835;
Weimarer Straße;wikidata;;Q3955;
Weinbietstraße;wikidata;;Q22604;
Weinheimer Straße;wikidata;;Q7050;
Weinheimereg;wikidata;;Q7050;
Weißbuchenweg;wikidata;;Q158513;
Weißenburgstraße;wikidata;;Q22636;
Weißenfelsereg;wikidata;;Q14815;
Weißenseeweg;wikidata;;Q130390691;
Weißtannenhof;wikidata;;Q146992;
Weißtannenweg;wikidata;;Q146992;
Weizenplatz;wikidata;;Q15645384;
Weizenstraße;wikidata;;Q15645384;
Werfthallenstraße;;;;
Werftstraße;wikidata;;Q1769508;
Wernerstraße;;;;
Wernigerodereg;wikidata;;Q15982;
Wertheimer Straße;wikidata;;Q61912;
Westliche Bahnstraße;wikidata;;Q47004109;
Westring;;;;
Wetzlarerinkel;wikidata;;Q4178;
Wieblinger Straße;wikidata;;Q2568221;
Wiesbadener Straße;wikidata;;Q1721;
Wiesenstraße;wikidata;;Q7777019;
Wildbader Straße;wikidata;;Q502755;
Wilhelmkai;;;;
Wilhelmswörthstraße;;;;
Wimpfener Straße;wikidata;;Q491535;
Windeckstraße;;;;
Windmühlstraße;;;;
Windsoranlage;wikidata;;Q182625;
Wingertsau;wikidata;;Q22715;
Wingertsbuckel;wikidata;;Q22715;
Wingertstraße;wikidata;;Q22715;
Wingertsweg;wikidata;;Q22715;
Winkeler-Straße;wikidata;;Q2584478;
Winkelweg;;;;
Winterstraße;wikidata;;Q1311;
Winzerplatz;wikidata;;Q897317;
Wismarereg;wikidata;;Q7030;
Wittenbergereg;wikidata;;Q6837;
Wittener Straße;wikidata;;Q11343;
Wolfacher Straße;wikidata;;Q506780;
Wormser Straße;wikidata;;Q3852;
Wormsereg;wikidata;;Q3852;
Wörthfeldereg;;;;
Wörthstraße;wikidata;;Q22762;
Wupperstraße;;;;
Zaberner Straße;wikidata;;Q22741;
Zäherille;;;;
Zähringer Straße;wikidata;;Q247331;
Zaubernußweg;wikidata;;Q148463;
Zaunkönigweg;wikidata;;Q25740;
Zechenstraße;wikidata;;Q4232315;
Zehntstraße;;;;
Zeisiggasse;wikidata;;Q5261336;
Zeitzereg;wikidata;;Q16087;
Zellerfeldereg;wikidata;;Q15377069;
Zellstoffstraße;wikidata;;Q2050766;
Zellstoffweg;wikidata;;Q2050766;
Zeltinger Straße;wikidata;;Q189241;
Ziegelgasse;;;;
Ziegelhüttenweg;;;;
Zielstraße;;;;
Zuflucht;;;;
Zumornbusch;;;;
Zum Herrenried;;;;
Zuraldau;;;;
Zwerchgasse;;;;
Zwickauereg;wikidata;;Q3778;
Zwingenberger-Straße;wikidata;;Q244821;
Zwischenstraße;;;;
Zypressenstraße;wikidata;;Q146911;